Scenario,Email,PPC,Referral,SEO,Social Media,Total Conversions
Equal Split,7.220105473991114,7.766881619962467,7.690149958428149,7.331442400382532,7.254330396802075,37.26290984956634
PPC +20%,5.314512713202286,9.843539634383784,5.738030653365615,5.413791421028804,5.3449632296698715,31.654837651650364
Social +20%,5.314512713202286,5.8082711774916165,5.738030653365615,5.413791421028804,9.313969779401607,31.58857574448993
PPC Focus,4.86743725590682,18.62475150899574,5.274513450108175,4.962595814512979,4.896606792225488,38.6259048217492
